[
    {"state": "Tamil Nadu", "city": "Chennai", "district": "Chennai", "pincode": "600001", "latitude": 13.0827, "longitude": 80.2707},
    {"state": "Tamil Nadu", "city": "Chennai", "district": "Chennai", "pincode": "600002", "latitude": 13.0827, "longitude": 80.2707},
    {"state": "Tamil Nadu", "city": "Chennai", "district": "Chennai", "pincode": "600003", "latitude": 13.0827, "longitude": 80.2707},
    {"state": "Tamil Nadu", "city": "Chennai", "district": "Chennai", "pincode": "600004", "latitude": 13.0827, "longitude": 80.2707},
    {"state": "Tamil Nadu", "city": "Chennai", "district": "Chennai", "pincode": "600005", "latitude": 13.0827, "longitude": 80.2707},
    {"state": "Tamil Nadu", "city": "Chennai", "district": "Chennai", "pincode": "600006", "latitude": 13.0827, "longitude": 80.2707},
    {"state": "Tamil Nadu", "city": "Chennai", "district": "Chennai", "pincode": "600007", "latitude": 13.0827, "longitude": 80.2707},
    {"state": "Tamil Nadu", "city": "Chennai", "district": "Chennai", "pincode": "600008", "latitude": 13.0827, "longitude": 80.2707},
    {"state": "Tamil Nadu", "city": "Chennai", "district": "Chennai", "pincode": "600009", "latitude": 13.0827, "longitude": 80.2707},
    {"state": "Tamil Nadu", "city": "Chennai", "district": "Chennai", "pincode": "600010", "latitude": 13.0827, "longitude": 80.2707},
    {"state": "Tamil Nadu", "city": "Tambaram", "district": "Chengalpattu", "pincode": "600045", "latitude": 12.9249, "longitude": 80.1000},
    {"state": "Tamil Nadu", "city": "Tambaram", "district": "Chengalpattu", "pincode": "600046", "latitude": 12.9249, "longitude": 80.1000},
    {"state": "Tamil Nadu", "city": "Chengalpattu", "district": "Chengalpattu", "pincode": "603001", "latitude": 12.6958, "longitude": 79.9770},
    {"state": "Tamil Nadu", "city": "Maraimalai Nagar", "district": "Chengalpattu", "pincode": "603209", "latitude": 12.8000, "longitude": 80.0167},
    {"state": "Tamil Nadu", "city": "Kanchipuram", "district": "Kanchipuram", "pincode": "631501", "latitude": 12.8342, "longitude": 79.7036},
    {"state": "Tamil Nadu", "city": "Kanchipuram", "district": "Kanchipuram", "pincode": "631502", "latitude": 12.8342, "longitude": 79.7036},
    {"state": "Tamil Nadu", "city": "Sriperumbudur", "district": "Kanchipuram", "pincode": "602105", "latitude": 12.9689, "longitude": 79.9489},
    {"state": "Tamil Nadu", "city": "Uthiramerur", "district": "Kanchipuram", "pincode": "603406", "latitude": 12.6167, "longitude": 79.7667},
    {"state": "Tamil Nadu", "city": "Vellore", "district": "Vellore", "pincode": "632001", "latitude": 12.9166, "longitude": 79.1325},
    {"state": "Tamil Nadu", "city": "Vellore", "district": "Vellore", "pincode": "632002", "latitude": 12.9166, "longitude": 79.1325},
    {"state": "Tamil Nadu", "city": "Vellore", "district": "Vellore", "pincode": "632004", "latitude": 12.9166, "longitude": 79.1325},
    {"state": "Tamil Nadu", "city": "Ambur", "district": "Vellore", "pincode": "635802", "latitude": 12.7917, "longitude": 78.7167},
    {"state": "Tamil Nadu", "city": "Vaniyambadi", "district": "Vellore", "pincode": "635751", "latitude": 12.6833, "longitude": 78.6167},
    {"state": "Tamil Nadu", "city": "Gudiyatham", "district": "Vellore", "pincode": "632602", "latitude": 12.9500, "longitude": 78.8667},
    {"state": "Tamil Nadu", "city": "Ranipet", "district": "Ranipet", "pincode": "632401", "latitude": 12.9279, "longitude": 79.3317},
    {"state": "Tamil Nadu", "city": "Arcot", "district": "Ranipet", "pincode": "632503", "latitude": 12.9000, "longitude": 79.3333},
    {"state": "Tamil Nadu", "city": "Walajapet", "district": "Ranipet", "pincode": "632513", "latitude": 12.9333, "longitude": 79.3833},
    {"state": "Tamil Nadu", "city": "Tirupattur", "district": "Tirupattur", "pincode": "635601", "latitude": 12.4974, "longitude": 78.5599},
    {"state": "Tamil Nadu", "city": "Jolarpettai", "district": "Tirupattur", "pincode": "635851", "latitude": 12.5667, "longitude": 78.5833},
    {"state": "Tamil Nadu", "city": "Krishnagiri", "district": "Krishnagiri", "pincode": "635001", "latitude": 12.5186, "longitude": 78.2137},
    {"state": "Tamil Nadu", "city": "Hosur", "district": "Krishnagiri", "pincode": "635109", "latitude": 12.7400, "longitude": 77.8300},
    {"state": "Tamil Nadu", "city": "Denkanikottai", "district": "Krishnagiri", "pincode": "635107", "latitude": 12.5333, "longitude": 77.8000},
    {"state": "Tamil Nadu", "city": "Pochampalli", "district": "Krishnagiri", "pincode": "635206", "latitude": 12.3500, "longitude": 78.0000},
    {"state": "Tamil Nadu", "city": "Dharmapuri", "district": "Dharmapuri", "pincode": "636701", "latitude": 12.1270, "longitude": 78.1579},
    {"state": "Tamil Nadu", "city": "Harur", "district": "Dharmapuri", "pincode": "636903", "latitude": 12.0667, "longitude": 78.5000},
    {"state": "Tamil Nadu", "city": "Palacode", "district": "Dharmapuri", "pincode": "636808", "latitude": 12.3000, "longitude": 78.0833},
    {"state": "Tamil Nadu", "city": "Pappireddipatti", "district": "Dharmapuri", "pincode": "636905", "latitude": 12.2167, "longitude": 78.3667},
    {"state": "Tamil Nadu", "city": "Salem", "district": "Salem", "pincode": "636001", "latitude": 11.6643, "longitude": 78.1460},
    {"state": "Tamil Nadu", "city": "Salem", "district": "Salem", "pincode": "636002", "latitude": 11.6643, "longitude": 78.1460},
    {"state": "Tamil Nadu", "city": "Salem", "district": "Salem", "pincode": "636003", "latitude": 11.6643, "longitude": 78.1460},
    {"state": "Tamil Nadu", "city": "Salem", "district": "Salem", "pincode": "636004", "latitude": 11.6643, "longitude": 78.1460},
    {"state": "Tamil Nadu", "city": "Attur", "district": "Salem", "pincode": "636102", "latitude": 11.5941, "longitude": 78.6014},
    {"state": "Tamil Nadu", "city": "Mettur", "district": "Salem", "pincode": "636401", "latitude": 11.7833, "longitude": 77.8000},
    {"state": "Tamil Nadu", "city": "Omalur", "district": "Salem", "pincode": "636455", "latitude": 11.7333, "longitude": 78.0667},
    {"state": "Tamil Nadu", "city": "Sankari", "district": "Salem", "pincode": "637301", "latitude": 11.4667, "longitude": 77.8833},
    {"state": "Tamil Nadu", "city": "Namakkal", "district": "Namakkal", "pincode": "637001", "latitude": 11.2213, "longitude": 78.1652},
    {"state": "Tamil Nadu", "city": "Namakkal", "district": "Namakkal", "pincode": "637002", "latitude": 11.2213, "longitude": 78.1652},
    {"state": "Tamil Nadu", "city": "Rasipuram", "district": "Namakkal", "pincode": "637408", "latitude": 11.4600, "longitude": 78.1800},
    {"state": "Tamil Nadu", "city": "Tiruchengode", "district": "Namakkal", "pincode": "637211", "latitude": 11.3800, "longitude": 77.9000},
    {"state": "Tamil Nadu", "city": "Paramathi", "district": "Namakkal", "pincode": "637207", "latitude": 11.1167, "longitude": 78.0167},
    {"state": "Tamil Nadu", "city": "Erode", "district": "Erode", "pincode": "638001", "latitude": 11.3410, "longitude": 77.7172},
    {"state": "Tamil Nadu", "city": "Erode", "district": "Erode", "pincode": "638002", "latitude": 11.3410, "longitude": 77.7172},
    {"state": "Tamil Nadu", "city": "Erode", "district": "Erode", "pincode": "638003", "latitude": 11.3410, "longitude": 77.7172},
    {"state": "Tamil Nadu", "city": "Bhavani", "district": "Erode", "pincode": "638301", "latitude": 11.4477, "longitude": 77.6825},
    {"state": "Tamil Nadu", "city": "Gobichettipalayam", "district": "Erode", "pincode": "638452", "latitude": 11.4544, "longitude": 77.4422},
    {"state": "Tamil Nadu", "city": "Sathyamangalam", "district": "Erode", "pincode": "638401", "latitude": 11.5050, "longitude": 77.2383},
    {"state": "Tamil Nadu", "city": "Perundurai", "district": "Erode", "pincode": "638052", "latitude": 11.2667, "longitude": 77.5833},
    {"state": "Tamil Nadu", "city": "Kodumudi", "district": "Erode", "pincode": "638151", "latitude": 11.0833, "longitude": 77.8833},
    {"state": "Tamil Nadu", "city": "Coimbatore", "district": "Coimbatore", "pincode": "641001", "latitude": 11.0168, "longitude": 76.9558},
    {"state": "Tamil Nadu", "city": "Coimbatore", "district": "Coimbatore", "pincode": "641002", "latitude": 11.0168, "longitude": 76.9558},
    {"state": "Tamil Nadu", "city": "Coimbatore", "district": "Coimbatore", "pincode": "641003", "latitude": 11.0168, "longitude": 76.9558},
    {"state": "Tamil Nadu", "city": "Coimbatore", "district": "Coimbatore", "pincode": "641004", "latitude": 11.0168, "longitude": 76.9558},
    {"state": "Tamil Nadu", "city": "Coimbatore", "district": "Coimbatore", "pincode": "641005", "latitude": 11.0168, "longitude": 76.9558},
    {"state": "Tamil Nadu", "city": "Coimbatore", "district": "Coimbatore", "pincode": "641006", "latitude": 11.0168, "longitude": 76.9558},
    {"state": "Tamil Nadu", "city": "Coimbatore", "district": "Coimbatore", "pincode": "641007", "latitude": 11.0168, "longitude": 76.9558},
    {"state": "Tamil Nadu", "city": "Coimbatore", "district": "Coimbatore", "pincode": "641008", "latitude": 11.0168, "longitude": 76.9558},
    {"state": "Tamil Nadu", "city": "Coimbatore", "district": "Coimbatore", "pincode": "641009", "latitude": 11.0168, "longitude": 76.9558},
    {"state": "Tamil Nadu", "city": "Pollachi", "district": "Coimbatore", "pincode": "642001", "latitude": 10.6584, "longitude": 77.0083},
    {"state": "Tamil Nadu", "city": "Pollachi", "district": "Coimbatore", "pincode": "642002", "latitude": 10.6584, "longitude": 77.0083},
    {"state": "Tamil Nadu", "city": "Mettupalayam", "district": "Coimbatore", "pincode": "641301", "latitude": 11.2997, "longitude": 76.9348},
    {"state": "Tamil Nadu", "city": "Sulur", "district": "Coimbatore", "pincode": "641402", "latitude": 11.0167, "longitude": 77.1167},
    {"state": "Tamil Nadu", "city": "Tiruppur", "district": "Tiruppur", "pincode": "641601", "latitude": 11.1085, "longitude": 77.3411},
    {"state": "Tamil Nadu", "city": "Tiruppur", "district": "Tiruppur", "pincode": "641602", "latitude": 11.1085, "longitude": 77.3411},
    {"state": "Tamil Nadu", "city": "Tiruppur", "district": "Tiruppur", "pincode": "641603", "latitude": 11.1085, "longitude": 77.3411},
    {"state": "Tamil Nadu", "city": "Tiruppur", "district": "Tiruppur", "pincode": "641604", "latitude": 11.1085, "longitude": 77.3411},
    {"state": "Tamil Nadu", "city": "Dharapuram", "district": "Tiruppur", "pincode": "638656", "latitude": 10.7380, "longitude": 77.5194},
    {"state": "Tamil Nadu", "city": "Udumalpet", "district": "Tiruppur", "pincode": "642126", "latitude": 10.5769, "longitude": 77.2478},
    {"state": "Tamil Nadu", "city": "Palladam", "district": "Tiruppur", "pincode": "641664", "latitude": 10.9833, "longitude": 77.3000},
    {"state": "Tamil Nadu", "city": "Kangayam", "district": "Tiruppur", "pincode": "638701", "latitude": 11.0000, "longitude": 77.5667},
    {"state": "Tamil Nadu", "city": "Ooty", "district": "Nilgiris", "pincode": "643001", "latitude": 11.4102, "longitude": 76.6950},
    {"state": "Tamil Nadu", "city": "Ooty", "district": "Nilgiris", "pincode": "643002", "latitude": 11.4102, "longitude": 76.6950},
    {"state": "Tamil Nadu", "city": "Coonoor", "district": "Nilgiris", "pincode": "643101", "latitude": 11.3470, "longitude": 76.8014},
    {"state": "Tamil Nadu", "city": "Gudalur", "district": "Nilgiris", "pincode": "643212", "latitude": 11.4983, "longitude": 76.4931},
    {"state": "Tamil Nadu", "city": "Kotagiri", "district": "Nilgiris", "pincode": "643217", "latitude": 11.4333, "longitude": 76.8833},
    {"state": "Tamil Nadu", "city": "Karur", "district": "Karur", "pincode": "639001", "latitude": 10.9601, "longitude": 78.0766},
    {"state": "Tamil Nadu", "city": "Karur", "district": "Karur", "pincode": "639002", "latitude": 10.9601, "longitude": 78.0766},
    {"state": "Tamil Nadu", "city": "Kulithalai", "district": "Karur", "pincode": "639104", "latitude": 10.9369, "longitude": 78.4103},
    {"state": "Tamil Nadu", "city": "Aravakurichi", "district": "Karur", "pincode": "639201", "latitude": 10.8667, "longitude": 78.0500},
    {"state": "Tamil Nadu", "city": "Krishnarayapuram", "district": "Karur", "pincode": "639102", "latitude": 10.9500, "longitude": 78.2000},
    {"state": "Tamil Nadu", "city": "Tiruchirappalli", "district": "Tiruchirappalli", "pincode": "620001", "latitude": 10.7905, "longitude": 78.7047},
    {"state": "Tamil Nadu", "city": "Tiruchirappalli", "district": "Tiruchirappalli", "pincode": "620002", "latitude": 10.7905, "longitude": 78.7047},
    {"state": "Tamil Nadu", "city": "Tiruchirappalli", "district": "Tiruchirappalli", "pincode": "620003", "latitude": 10.7905, "longitude": 78.7047},
    {"state": "Tamil Nadu", "city": "Tiruchirappalli", "district": "Tiruchirappalli", "pincode": "620004", "latitude": 10.7905, "longitude": 78.7047},
    {"state": "Tamil Nadu", "city": "Tiruchirappalli", "district": "Tiruchirappalli", "pincode": "620005", "latitude": 10.7905, "longitude": 78.7047},
    {"state": "Tamil Nadu", "city": "Srirangam", "district": "Tiruchirappalli", "pincode": "620006", "latitude": 10.8630, "longitude": 78.6919},
    {"state": "Tamil Nadu", "city": "Lalgudi", "district": "Tiruchirappalli", "pincode": "621601", "latitude": 10.8744, "longitude": 78.8194},
    {"state": "Tamil Nadu", "city": "Manapparai", "district": "Tiruchirappalli", "pincode": "621306", "latitude": 10.6167, "longitude": 78.4167},
    {"state": "Tamil Nadu", "city": "Thuraiyur", "district": "Tiruchirappalli", "pincode": "621010", "latitude": 11.1500, "longitude": 78.6167},
    {"state": "Tamil Nadu", "city": "Musiri", "district": "Tiruchirappalli", "pincode": "621211", "latitude": 10.9333, "longitude": 78.4500},
    {"state": "Tamil Nadu", "city": "Perambalur", "district": "Perambalur", "pincode": "621212", "latitude": 11.2340, "longitude": 78.8722},
    {"state": "Tamil Nadu", "city": "Kunnam", "district": "Perambalur", "pincode": "621712", "latitude": 11.3167, "longitude": 79.3667},
    {"state": "Tamil Nadu", "city": "Ariyalur", "district": "Ariyalur", "pincode": "621704", "latitude": 11.1375, "longitude": 79.0758},
    {"state": "Tamil Nadu", "city": "Jayankondam", "district": "Ariyalur", "pincode": "621802", "latitude": 11.2167, "longitude": 79.3667},
    {"state": "Tamil Nadu", "city": "Sendurai", "district": "Ariyalur", "pincode": "621804", "latitude": 11.0333, "longitude": 79.1333},
    {"state": "Tamil Nadu", "city": "Cuddalore", "district": "Cuddalore", "pincode": "607001", "latitude": 11.7447, "longitude": 79.7680},
    {"state": "Tamil Nadu", "city": "Cuddalore", "district": "Cuddalore", "pincode": "607002", "latitude": 11.7447, "longitude": 79.7680},
    {"state": "Tamil Nadu", "city": "Chidambaram", "district": "Cuddalore", "pincode": "608001", "latitude": 11.3994, "longitude": 79.6914},
    {"state": "Tamil Nadu", "city": "Vriddhachalam", "district": "Cuddalore", "pincode": "606001", "latitude": 11.5183, "longitude": 79.3242},
    {"state": "Tamil Nadu", "city": "Panruti", "district": "Cuddalore", "pincode": "607106", "latitude": 11.7667, "longitude": 79.5500},
    {"state": "Tamil Nadu", "city": "Neyveli", "district": "Cuddalore", "pincode": "607801", "latitude": 11.5464, "longitude": 79.4869},
    {"state": "Tamil Nadu", "city": "Villupuram", "district": "Villupuram", "pincode": "605602", "latitude": 11.9394, "longitude": 79.4922},
    {"state": "Tamil Nadu", "city": "Tindivanam", "district": "Villupuram", "pincode": "604001", "latitude": 12.2340, "longitude": 79.6556},
    {"state": "Tamil Nadu", "city": "Gingee", "district": "Villupuram", "pincode": "604202", "latitude": 12.2500, "longitude": 79.4167},
    {"state": "Tamil Nadu", "city": "Tirukoilur", "district": "Villupuram", "pincode": "605757", "latitude": 11.9500, "longitude": 79.2000},
    {"state": "Tamil Nadu", "city": "Kallakurichi", "district": "Kallakurichi", "pincode": "606201", "latitude": 11.7333, "longitude": 78.9667},
    {"state": "Tamil Nadu", "city": "Sankarapuram", "district": "Kallakurichi", "pincode": "606401", "latitude": 11.9000, "longitude": 78.8500},
    {"state": "Tamil Nadu", "city": "Ulundurpet", "district": "Kallakurichi", "pincode": "606107", "latitude": 11.7000, "longitude": 79.3167},
    {"state": "Tamil Nadu", "city": "Thanjavur", "district": "Thanjavur", "pincode": "613001", "latitude": 10.7869, "longitude": 79.1378},
    {"state": "Tamil Nadu", "city": "Thanjavur", "district": "Thanjavur", "pincode": "613002", "latitude": 10.7869, "longitude": 79.1378},
    {"state": "Tamil Nadu", "city": "Thanjavur", "district": "Thanjavur", "pincode": "613003", "latitude": 10.7869, "longitude": 79.1378},
    {"state": "Tamil Nadu", "city": "Kumbakonam", "district": "Thanjavur", "pincode": "612001", "latitude": 10.9598, "longitude": 79.3910},
    {"state": "Tamil Nadu", "city": "Kumbakonam", "district": "Thanjavur", "pincode": "612002", "latitude": 10.9598, "longitude": 79.3910},
    {"state": "Tamil Nadu", "city": "Pattukkottai", "district": "Thanjavur", "pincode": "614601", "latitude": 10.4244, "longitude": 79.3194},
    {"state": "Tamil Nadu", "city": "Orathanadu", "district": "Thanjavur", "pincode": "614625", "latitude": 10.6167, "longitude": 79.2500},
    {"state": "Tamil Nadu", "city": "Peravurani", "district": "Thanjavur", "pincode": "614804", "latitude": 10.3000, "longitude": 79.1833},
    {"state": "Tamil Nadu", "city": "Pudukkottai", "district": "Pudukkottai", "pincode": "622001", "latitude": 10.3810, "longitude": 78.8214},
    {"state": "Tamil Nadu", "city": "Pudukkottai", "district": "Pudukkottai", "pincode": "622002", "latitude": 10.3810, "longitude": 78.8214},
    {"state": "Tamil Nadu", "city": "Aranthangi", "district": "Pudukkottai", "pincode": "614616", "latitude": 10.1722, "longitude": 78.9911},
    {"state": "Tamil Nadu", "city": "Iluppur", "district": "Pudukkottai", "pincode": "622102", "latitude": 10.5167, "longitude": 78.6333},
    {"state": "Tamil Nadu", "city": "Gandarvakottai", "district": "Pudukkottai", "pincode": "622301", "latitude": 10.5833, "longitude": 79.0167},
    {"state": "Tamil Nadu", "city": "Sivaganga", "district": "Sivaganga", "pincode": "630561", "latitude": 9.8432, "longitude": 78.4809},
    {"state": "Tamil Nadu", "city": "Karaikudi", "district": "Sivaganga", "pincode": "630001", "latitude": 10.0667, "longitude": 78.7833},
    {"state": "Tamil Nadu", "city": "Karaikudi", "district": "Sivaganga", "pincode": "630002", "latitude": 10.0667, "longitude": 78.7833},
    {"state": "Tamil Nadu", "city": "Devakottai", "district": "Sivaganga", "pincode": "630302", "latitude": 9.9472, "longitude": 78.8233},
    {"state": "Tamil Nadu", "city": "Manamadurai", "district": "Sivaganga", "pincode": "630606", "latitude": 9.7000, "longitude": 78.4833},
    {"state": "Tamil Nadu", "city": "Ilayangudi", "district": "Sivaganga", "pincode": "630702", "latitude": 9.6167, "longitude": 78.6333},
    {"state": "Tamil Nadu", "city": "Madurai", "district": "Madurai", "pincode": "625001", "latitude": 9.9252, "longitude": 78.1198},
    {"state": "Tamil Nadu", "city": "Madurai", "district": "Madurai", "pincode": "625002", "latitude": 9.9252, "longitude": 78.1198},
    {"state": "Tamil Nadu", "city": "Madurai", "district": "Madurai", "pincode": "625003", "latitude": 9.9252, "longitude": 78.1198},
    {"state": "Tamil Nadu", "city": "Madurai", "district": "Madurai", "pincode": "625004", "latitude": 9.9252, "longitude": 78.1198},
    {"state": "Tamil Nadu", "city": "Madurai", "district": "Madurai", "pincode": "625005", "latitude": 9.9252, "longitude": 78.1198},
    {"state": "Tamil Nadu", "city": "Madurai", "district": "Madurai", "pincode": "625006", "latitude": 9.9252, "longitude": 78.1198},
    {"state": "Tamil Nadu", "city": "Melur", "district": "Madurai", "pincode": "625106", "latitude": 10.0500, "longitude": 78.3333},
    {"state": "Tamil Nadu", "city": "Usilampatti", "district": "Madurai", "pincode": "625532", "latitude": 9.9667, "longitude": 77.8000},
    {"state": "Tamil Nadu", "city": "Thirumangalam", "district": "Madurai", "pincode": "625706", "latitude": 9.8333, "longitude": 78.0167},
    {"state": "Tamil Nadu", "city": "Vadipatti", "district": "Madurai", "pincode": "625218", "latitude": 10.0833, "longitude": 77.9667},
    {"state": "Tamil Nadu", "city": "Theni", "district": "Theni", "pincode": "625531", "latitude": 10.0104, "longitude": 77.4768},
    {"state": "Tamil Nadu", "city": "Bodinayakkanur", "district": "Theni", "pincode": "625513", "latitude": 10.0117, "longitude": 77.3500},
    {"state": "Tamil Nadu", "city": "Cumbum", "district": "Theni", "pincode": "625516", "latitude": 9.7367, "longitude": 77.2847},
    {"state": "Tamil Nadu", "city": "Periyakulam", "district": "Theni", "pincode": "625601", "latitude": 10.1167, "longitude": 77.5500},
    {"state": "Tamil Nadu", "city": "Andipatti", "district": "Theni", "pincode": "625512", "latitude": 9.9833, "longitude": 77.6167},
    {"state": "Tamil Nadu", "city": "Dindigul", "district": "Dindigul", "pincode": "624001", "latitude": 10.3629, "longitude": 77.9754},
    {"state": "Tamil Nadu", "city": "Dindigul", "district": "Dindigul", "pincode": "624002", "latitude": 10.3629, "longitude": 77.9754},
    {"state": "Tamil Nadu", "city": "Dindigul", "district": "Dindigul", "pincode": "624003", "latitude": 10.3629, "longitude": 77.9754},
    {"state": "Tamil Nadu", "city": "Palani", "district": "Dindigul", "pincode": "624601", "latitude": 10.4500, "longitude": 77.5167},
    {"state": "Tamil Nadu", "city": "Palani", "district": "Dindigul", "pincode": "624602", "latitude": 10.4500, "longitude": 77.5167},
    {"state": "Tamil Nadu", "city": "Kodaikanal", "district": "Dindigul", "pincode": "624101", "latitude": 10.2381, "longitude": 77.4892},
    {"state": "Tamil Nadu", "city": "Batlagundu", "district": "Dindigul", "pincode": "624202", "latitude": 10.1667, "longitude": 77.8000},
    {"state": "Tamil Nadu", "city": "Oddanchatram", "district": "Dindigul", "pincode": "624619", "latitude": 10.4833, "longitude": 77.7500},
    {"state": "Tamil Nadu", "city": "Vedasandur", "district": "Dindigul", "pincode": "624710", "latitude": 10.5333, "longitude": 77.9500},
    {"state": "Tamil Nadu", "city": "Ramanathapuram", "district": "Ramanathapuram", "pincode": "623501", "latitude": 9.3711, "longitude": 78.8308},
    {"state": "Tamil Nadu", "city": "Rameswaram", "district": "Ramanathapuram", "pincode": "623526", "latitude": 9.2881, "longitude": 79.3128},
    {"state": "Tamil Nadu", "city": "Paramakudi", "district": "Ramanathapuram", "pincode": "623707", "latitude": 9.5500, "longitude": 78.6000},
    {"state": "Tamil Nadu", "city": "Mudukulathur", "district": "Ramanathapuram", "pincode": "623704", "latitude": 9.3500, "longitude": 78.5167},
    {"state": "Tamil Nadu", "city": "Tiruvadanai", "district": "Ramanathapuram", "pincode": "623407", "latitude": 9.8167, "longitude": 78.9167},
    {"state": "Tamil Nadu", "city": "Virudhunagar", "district": "Virudhunagar", "pincode": "626001", "latitude": 9.5852, "longitude": 77.9573},
    {"state": "Tamil Nadu", "city": "Virudhunagar", "district": "Virudhunagar", "pincode": "626002", "latitude": 9.5852, "longitude": 77.9573},
    {"state": "Tamil Nadu", "city": "Sivakasi", "district": "Virudhunagar", "pincode": "626123", "latitude": 9.4492, "longitude": 77.7972},
    {"state": "Tamil Nadu", "city": "Sivakasi", "district": "Virudhunagar", "pincode": "626124", "latitude": 9.4492, "longitude": 77.7972},
    {"state": "Tamil Nadu", "city": "Rajapalayam", "district": "Virudhunagar", "pincode": "626117", "latitude": 9.4528, "longitude": 77.5531},
    {"state": "Tamil Nadu", "city": "Aruppukkottai", "district": "Virudhunagar", "pincode": "626101", "latitude": 9.5083, "longitude": 78.0933},
    {"state": "Tamil Nadu", "city": "Sattur", "district": "Virudhunagar", "pincode": "626203", "latitude": 9.3556, "longitude": 77.9244},
    {"state": "Tamil Nadu", "city": "Srivilliputhur", "district": "Virudhunagar", "pincode": "626125", "latitude": 9.5083, "longitude": 77.6333},
    {"state": "Tamil Nadu", "city": "Tirunelveli", "district": "Tirunelveli", "pincode": "627001", "latitude": 8.7139, "longitude": 77.7567},
    {"state": "Tamil Nadu", "city": "Tirunelveli", "district": "Tirunelveli", "pincode": "627002", "latitude": 8.7139, "longitude": 77.7567},
    {"state": "Tamil Nadu", "city": "Tirunelveli", "district": "Tirunelveli", "pincode": "627003", "latitude": 8.7139, "longitude": 77.7567},
    {"state": "Tamil Nadu", "city": "Tirunelveli", "district": "Tirunelveli", "pincode": "627004", "latitude": 8.7139, "longitude": 77.7567},
    {"state": "Tamil Nadu", "city": "Ambasamudram", "district": "Tirunelveli", "pincode": "627401", "latitude": 8.7000, "longitude": 77.4500},
    {"state": "Tamil Nadu", "city": "Nanguneri", "district": "Tirunelveli", "pincode": "627108", "latitude": 8.4833, "longitude": 77.6500},
    {"state": "Tamil Nadu", "city": "Cheranmahadevi", "district": "Tirunelveli", "pincode": "627414", "latitude": 8.6667, "longitude": 77.5333},
    {"state": "Tamil Nadu", "city": "Sankarankovil", "district": "Tirunelveli", "pincode": "627756", "latitude": 9.1667, "longitude": 77.5500},
    {"state": "Tamil Nadu", "city": "Tenkasi", "district": "Tenkasi", "pincode": "627811", "latitude": 8.9553, "longitude": 77.3153},
    {"state": "Tamil Nadu", "city": "Shenkottai", "district": "Tenkasi", "pincode": "627809", "latitude": 8.9667, "longitude": 77.2500},
    {"state": "Tamil Nadu", "city": "Kadayanallur", "district": "Tenkasi", "pincode": "627751", "latitude": 9.0833, "longitude": 77.3500},
    {"state": "Tamil Nadu", "city": "Sivagiri", "district": "Tenkasi", "pincode": "627757", "latitude": 9.3333, "longitude": 77.4333},
    {"state": "Tamil Nadu", "city": "Thoothukudi", "district": "Thoothukudi", "pincode": "628001", "latitude": 8.7642, "longitude": 78.1348},
    {"state": "Tamil Nadu", "city": "Thoothukudi", "district": "Thoothukudi", "pincode": "628002", "latitude": 8.7642, "longitude": 78.1348},
    {"state": "Tamil Nadu", "city": "Thoothukudi", "district": "Thoothukudi", "pincode": "628003", "latitude": 8.7642, "longitude": 78.1348},
    {"state": "Tamil Nadu", "city": "Kovilpatti", "district": "Thoothukudi", "pincode": "628501", "latitude": 9.1717, "longitude": 77.8694},
    {"state": "Tamil Nadu", "city": "Tiruchendur", "district": "Thoothukudi", "pincode": "628215", "latitude": 8.4972, "longitude": 78.1194},
    {"state": "Tamil Nadu", "city": "Kayalpattinam", "district": "Thoothukudi", "pincode": "628204", "latitude": 8.5667, "longitude": 78.1167},
    {"state": "Tamil Nadu", "city": "Ettayapuram", "district": "Thoothukudi", "pincode": "628902", "latitude": 9.1500, "longitude": 77.9833},
    {"state": "Tamil Nadu", "city": "Vilathikulam", "district": "Thoothukudi", "pincode": "628907", "latitude": 9.1667, "longitude": 78.1667},
    {"state": "Tamil Nadu", "city": "Kanyakumari", "district": "Kanyakumari", "pincode": "629702", "latitude": 8.0883, "longitude": 77.5385},
    {"state": "Tamil Nadu", "city": "Nagercoil", "district": "Kanyakumari", "pincode": "629001", "latitude": 8.1773, "longitude": 77.4344},
    {"state": "Tamil Nadu", "city": "Nagercoil", "district": "Kanyakumari", "pincode": "629002", "latitude": 8.1773, "longitude": 77.4344},
    {"state": "Tamil Nadu", "city": "Nagercoil", "district": "Kanyakumari", "pincode": "629003", "latitude": 8.1773, "longitude": 77.4344},
    {"state": "Tamil Nadu", "city": "Colachel", "district": "Kanyakumari", "pincode": "629251", "latitude": 8.1667, "longitude": 77.2500},
    {"state": "Tamil Nadu", "city": "Padmanabhapuram", "district": "Kanyakumari", "pincode": "629175", "latitude": 8.2333, "longitude": 77.3167},
    {"state": "Tamil Nadu", "city": "Kuzhithurai", "district": "Kanyakumari", "pincode": "629163", "latitude": 8.3167, "longitude": 77.1833},
    {"state": "Tamil Nadu", "city": "Marthandam", "district": "Kanyakumari", "pincode": "629165", "latitude": 8.3000, "longitude": 77.2167},
    {"state": "Tamil Nadu", "city": "Thuckalay", "district": "Kanyakumari", "pincode": "629175", "latitude": 8.2333, "longitude": 77.3167}
]

